Microbe,Mean_Diff,P-value,Test_Statistic,Distributions_Similar,Shapes_Similar,Recommendation,Corrected_P_value
Achromobacter,0.0007482503720969932,0.21528466917693967,6083.0,True,True,Mann-Whitney assumptions satisfied,0.6509787028351307
Acinetobacter,8.759100901224975e-05,0.17982184193687356,4743.0,True,True,Mann-Whitney assumptions satisfied,0.6509787028351307
Actinobacillus,0.00014700500274327476,0.2374639293360854,4826.0,True,True,Mann-Whitney assumptions satisfied,0.6509787028351307
Actinomyces,-0.0053057500447346514,0.17425808461696313,4734.0,True,True,Mann-Whitney assumptions satisfied,0.6509787028351307
Actinoplanes,-1.3575442435621584e-05,0.16644993021101662,4721.0,True,True,Mann-Whitney assumptions satisfied,0.6509787028351307
Agathobacter,1.1098254733626168e-05,0.9615735742008017,5414.0,True,True,Mann-Whitney assumptions satisfied,0.9927934954410874
Aggregatibacter,-0.000492898650600206,0.11761704956876537,4627.0,False,True,Consider permutation test instead of Mann-Whitney,0.6509787028351307
Alcaligenes,4.7040895383062544e-05,0.3043373125398713,5973.0,True,True,Mann-Whitney assumptions satisfied,0.6995565151418117
Alistipes,7.606668702535251e-07,0.7042047651178701,5637.0,True,True,Mann-Whitney assumptions satisfied,0.8816421862499318
Alloiococcus,6.355193068889575e-06,0.9431550616919842,5477.0,True,True,Mann-Whitney assumptions satisfied,0.9927934954410874
Alloprevotella,-0.007670583309561482,0.3079808557228102,4910.0,True,True,Mann-Whitney assumptions satisfied,0.6995565151418117
Alysiella,-1.5408921180643117e-05,0.2644966255631024,4860.0,True,True,Mann-Whitney assumptions satisfied,0.6675391026116393
Amnipila,-1.2803903745683167e-05,0.4216130179472668,5022.0,True,True,Mann-Whitney assumptions satisfied,0.7677319565540665
Anaerobacillus,-4.6307846322231686e-05,0.546374802665151,5126.0,True,True,Mann-Whitney assumptions satisfied,0.7829532307504214
Anaerococcus,-6.307681437508704e-06,0.38582023439931457,4989.0,True,True,Mann-Whitney assumptions satisfied,0.7573508304875434
Anaerostipes,-1.6158447249954415e-06,0.4442222641696485,5042.0,True,True,Mann-Whitney assumptions satisfied,0.7677319565540665
Anoxybacillus,5.607319683230701e-05,0.9354890759880514,5397.0,True,True,Mann-Whitney assumptions satisfied,0.9927934954410874
Aquabacterium,4.9310221222326455e-05,0.10969993442058681,6270.0,True,True,Mann-Whitney assumptions satisfied,0.6509787028351307
Atopobium,0.00010031143089722335,0.25472320866068565,4848.0,True,True,Mann-Whitney assumptions satisfied,0.6660482254966377
Avibacterium,5.8620295018881616e-05,0.98308709809988,5451.0,True,True,Mann-Whitney assumptions satisfied,0.9953870706115624
Bacillus,0.0008738716957038426,0.7607535619006975,5598.0,True,True,Mann-Whitney assumptions satisfied,0.8959986395719326
Bacteroides,-7.163540750319407e-05,0.35194742014267966,4956.0,True,True,Mann-Whitney assumptions satisfied,0.7370889207360753
Bergeyella,0.0005717117142378034,0.8683648616365435,5526.0,True,True,Mann-Whitney assumptions satisfied,0.9604944660873068
Bibersteinia,-0.0001958657340229296,0.3712135429759741,4975.0,True,True,Mann-Whitney assumptions satisfied,0.7480758465542455
Bifidobacterium,-0.00020868651650872297,0.5273158640232192,5111.0,True,True,Mann-Whitney assumptions satisfied,0.7829532307504214
Blautia,-4.754665563359373e-05,0.3266298515236806,4930.0,True,True,Mann-Whitney assumptions satisfied,0.7213075887814614
Brachybacterium,-1.524009441702707e-05,0.01334324500485655,4155.0,False,False,Consider permutation test instead of Mann-Whitney,0.6509787028351307
Burkholderia-Caballeronia-Paraburkholderia,0.0016329748340371264,0.41056623914912926,5867.0,True,True,Mann-Whitney assumptions satisfied,0.7677319565540665
Butyrivibrio,0.000266614932568534,0.4171735361120904,5018.0,True,True,Mann-Whitney assumptions satisfied,0.7677319565540665
Campylobacter,0.00019265421784326817,0.7272273980832842,5258.0,True,True,Mann-Whitney assumptions satisfied,0.8832668535314948
Candidatus Profftella,2.0600183288973665e-05,0.313500071950748,5963.0,True,True,Mann-Whitney assumptions satisfied,0.70206354141083
Candidatus Saccharimonas,-0.001512532205157742,0.028859521364135582,4305.0,True,False,Consider permutation test instead of Mann-Whitney,0.6509787028351307
Capnocytophaga,0.0011473755716996572,0.9324243155663192,5395.0,True,True,Mann-Whitney assumptions satisfied,0.9927934954410874
Cardiobacterium,-2.3136711103405208e-05,0.1767147859859397,6141.0,True,True,Mann-Whitney assumptions satisfied,0.6509787028351307
Catonella,-0.001202929927454386,0.011905109160153233,4134.0,False,False,Consider permutation test instead of Mann-Whitney,0.6509787028351307
Cellulomonas,9.81333849814581e-06,0.1577708019548456,4706.0,True,True,Mann-Whitney assumptions satisfied,0.6509787028351307
Christensenellaceae R-7 group,3.2850219887711892e-06,0.6729898556640587,5220.0,True,True,Mann-Whitney assumptions satisfied,0.8650073156309008
Chryseobacterium,2.5428979353964863e-05,0.548941545940835,5751.0,True,True,Mann-Whitney assumptions satisfied,0.7829532307504214
Cloacibacterium,1.8005313818473643e-05,0.43396354967529005,5846.0,True,True,Mann-Whitney assumptions satisfied,0.7677319565540665
Clostridium sensu stricto 1,3.289815000195032e-05,0.7461174838116513,5608.0,True,True,Mann-Whitney assumptions satisfied,0.88531850691084
Clostridium sensu stricto 18,-1.8972902528616567e-05,0.46514946393985857,5060.0,True,True,Mann-Whitney assumptions satisfied,0.7785133133309212
Colidextribacter,-2.0966275555368463e-05,0.11989401334529957,4632.0,True,True,Mann-Whitney assumptions satisfied,0.6509787028351307
Comamonas,-4.031271350717969e-05,0.45928198922354724,5824.0,True,True,Mann-Whitney assumptions satisfied,0.7785133133309212
Conchiformibius,0.001123419255455318,0.3753514506525981,5900.0,True,True,Mann-Whitney assumptions satisfied,0.7480758465542455
Coprococcus,7.1831982955011966e-06,0.5709960197023674,5145.0,True,True,Mann-Whitney assumptions satisfied,0.7898543712603023
Corynebacterium,0.0017289573008521506,0.16468598801907375,4718.0,True,True,Mann-Whitney assumptions satisfied,0.6509787028351307
Cupriavidus,0.0005335184842299705,0.22250556676192546,6073.0,True,True,Mann-Whitney assumptions satisfied,0.6509787028351307
Cutibacterium,1.3621903658654101e-06,0.16351787072512214,4716.0,True,True,Mann-Whitney assumptions satisfied,0.6509787028351307
Denitratisoma,-8.365189910020565e-05,0.47224511199443464,5813.0,True,True,Mann-Whitney assumptions satisfied,0.7799444596821102
Dialister,-5.06386898155855e-05,0.1034293517103286,4594.0,True,True,Mann-Whitney assumptions satisfied,0.6509787028351307
Dietzia,3.738749072143451e-05,0.3569550119287912,5918.0,True,True,Mann-Whitney assumptions satisfied,0.7370889207360753
Dorea,-3.0303435918333065e-05,0.07751686740046092,4523.0,True,True,Mann-Whitney assumptions satisfied,0.6509787028351307
Eikenella,0.0014131345628023793,0.23139748629760792,6061.0,True,True,Mann-Whitney assumptions satisfied,0.6509787028351307
Enterobacter,0.0003040300389662039,0.103021657893632,6286.0,True,True,Mann-Whitney assumptions satisfied,0.6509787028351307
Enterococcus,0.0006289981357912528,0.5110769060773063,5098.0,True,True,Mann-Whitney assumptions satisfied,0.7829532307504214
Erysipelatoclostridium,4.5128897034011625e-06,0.5515142254342591,5130.0,True,True,Mann-Whitney assumptions satisfied,0.7829532307504214
Erysipelothrix,-0.00018789678620332868,0.37639036304616125,4980.0,True,True,Mann-Whitney assumptions satisfied,0.7480758465542455
Erysipelotrichaceae UCG-003,-3.51698270273977e-05,0.4373678164238962,5036.0,True,True,Mann-Whitney assumptions satisfied,0.7677319565540665
Erysipelotrichaceae UCG-007,2.153347988468105e-05,0.9446889137740757,5403.0,True,True,Mann-Whitney assumptions satisfied,0.9927934954410874
Escherichia-Shigella,6.099284867717037e-05,0.4854072763157429,5077.0,True,True,Mann-Whitney assumptions satisfied,0.7829532307504214
Family XIII UCG-001,-6.203571235185938e-06,0.8698817806073722,5525.0,True,True,Mann-Whitney assumptions satisfied,0.9604944660873068
Ferritrophicum,-7.379396515617336e-06,0.1274128043034185,6231.0,True,True,Mann-Whitney assumptions satisfied,0.6509787028351307
Finegoldia,4.864744378254844e-05,0.9262978443434506,5391.0,True,True,Mann-Whitney assumptions satisfied,0.9927934954410874
Frederiksenia,-0.00017390141780667702,0.1641011463048042,4717.0,True,True,Mann-Whitney assumptions satisfied,0.6509787028351307
Fusobacterium,0.010738760678759963,0.19134353620974942,6118.0,True,True,Mann-Whitney assumptions satisfied,0.6509787028351307
Gallibacterium,1.8514223432408134e-05,0.5210391019255974,5773.0,True,True,Mann-Whitney assumptions satisfied,0.7829532307504214
Gallionella,-0.00015478009580414736,0.22544194608380974,6069.0,True,True,Mann-Whitney assumptions satisfied,0.6509787028351307
Gemella,0.001020521549332118,0.9769384364654136,5455.0,True,True,Mann-Whitney assumptions satisfied,0.9953870706115624
Geobacillus,2.2828504541793672e-05,0.6800371978230353,5225.0,True,True,Mann-Whitney assumptions satisfied,0.8650073156309008
Granulicatella,0.00011977088411112974,0.8336204491447134,5549.0,True,True,Mann-Whitney assumptions satisfied,0.9467546529572103
Haemophilus,0.008703017611246804,0.5723063671842494,5146.0,True,True,Mann-Whitney assumptions satisfied,0.7898543712603023
Herbaspirillum,5.776123885501024e-05,0.14566752866437718,6195.0,True,True,Mann-Whitney assumptions satisfied,0.6509787028351307
Iamia,6.546536562768786e-06,0.2620293723950857,4857.0,True,True,Mann-Whitney assumptions satisfied,0.6675391026116393
Izimaplasma,4.604171598004949e-06,0.9492916778928013,5473.0,True,True,Mann-Whitney assumptions satisfied,0.9927934954410874
Jatrophihabitans,-1.7526478768962397e-05,0.17795277314901536,4740.0,True,True,Mann-Whitney assumptions satisfied,0.6509787028351307
Jeotgalibaca,0.0005075219193120886,0.28829675136357646,5991.0,True,True,Mann-Whitney assumptions satisfied,0.6841669174150545
Johnsonella,0.00030047986511006386,0.6326958779010932,5688.0,True,True,Mann-Whitney assumptions satisfied,0.8453667612291917
Kerstersia,0.00010240117480598109,0.031045211567088723,6559.0,True,False,Consider permutation test instead of Mann-Whitney,0.6509787028351307
Kingella,0.0032938429722159483,0.2830789214282098,5997.0,True,True,Mann-Whitney assumptions satisfied,0.6819628561679599
Klebsiella,0.00011774981740677451,0.2822155434683954,5998.0,True,True,Mann-Whitney assumptions satisfied,0.6819628561679599
Kocuria,4.141933277196208e-05,0.9892367645870959,5432.0,True,True,Mann-Whitney assumptions satisfied,0.9953870706115624
Lachnoanaerobaculum,-0.0009921381673028292,0.08845397616452784,4555.0,True,False,Consider permutation test instead of Mann-Whitney,0.6509787028351307
Lachnoclostridium,5.9626996639642466e-05,0.8111304618166274,5315.0,True,True,Mann-Whitney assumptions satisfied,0.9345633581800272
Lachnospira,8.046579782724015e-06,0.9600377783321223,5466.0,True,True,Mann-Whitney assumptions satisfied,0.9927934954410874
Lachnospiraceae ND3007 group,-3.0537288478416088e-06,0.47581517351675906,5069.0,True,True,Mann-Whitney assumptions satisfied,0.7799444596821102
Lachnospiraceae NK4A136 group,-2.586888443418552e-05,0.4283239369886662,5028.0,True,True,Mann-Whitney assumptions satisfied,0.7677319565540665
Lachnospiraceae UCG-001,2.630240544787462e-05,0.48782155492862156,5800.0,True,True,Mann-Whitney assumptions satisfied,0.7829532307504214
Lachnospiraceae UCG-004,-1.076888633646313e-05,0.6109131691042656,5175.0,True,True,Mann-Whitney assumptions satisfied,0.825000893603445
Lactobacillus,-0.0007943451951742827,0.8987879620387046,5373.0,True,True,Mann-Whitney assumptions satisfied,0.9855674894079588
Lactococcus,2.4247027369433136e-05,0.5412592219152679,5757.0,True,True,Mann-Whitney assumptions satisfied,0.7829532307504214
Lautropia,0.0004002878062530045,0.7388332799980428,5266.0,True,True,Mann-Whitney assumptions satisfied,0.8832668535314948
Lawsonella,-8.255088672909881e-05,0.23365937305349338,4821.0,True,True,Mann-Whitney assumptions satisfied,0.6509787028351307
Leptotrichia,-0.013871034877957246,0.03601564612194923,4351.0,False,False,Consider permutation test instead of Mann-Whitney,0.6509787028351307
Limnobacter,0.00013416623136809213,0.07849302152250844,6353.0,True,True,Mann-Whitney assumptions satisfied,0.6509787028351307
Massilia,0.0006086934566050515,0.17857418246511458,6138.0,True,True,Mann-Whitney assumptions satisfied,0.6509787028351307
Megasphaera,-0.00034128358744792316,0.11943587996161739,4631.0,True,True,Mann-Whitney assumptions satisfied,0.6509787028351307
Methyloversatilis,0.00010911378230570078,0.46279748699694356,5821.0,True,True,Mann-Whitney assumptions satisfied,0.7785133133309212
Microbacterium,-5.190266060229928e-06,0.19932082313325028,4773.0,True,True,Mann-Whitney assumptions satisfied,0.6509787028351307
Micrococcus,3.437620082860293e-05,0.9953870706115624,5436.0,True,True,Mann-Whitney assumptions satisfied,0.9953870706115624
Micromonospora,3.8885709041945984e-05,0.3314044115085012,4935.0,True,True,Mann-Whitney assumptions satisfied,0.7218260469842697
Mogibacterium,-0.00014563241005710376,0.03369264443225494,4337.0,False,False,Consider permutation test instead of Mann-Whitney,0.6509787028351307
Monoglobus,-3.5603536838837806e-05,0.5061333831911164,5094.0,True,True,Mann-Whitney assumptions satisfied,0.7829532307504214
Mycobacterium,-1.5613857556340434e-05,0.06887488156160144,4495.0,True,True,Mann-Whitney assumptions satisfied,0.6509787028351307
Neisseria,0.005621331977833252,0.5248005378991777,5770.0,True,True,Mann-Whitney assumptions satisfied,0.7829532307504214
Nitrosomonas,6.654634956592298e-05,0.8517119269279687,5537.0,True,True,Mann-Whitney assumptions satisfied,0.960441109088986
Noviherbaspirillum,0.00012406603958519595,0.25552793556789244,6030.0,True,True,Mann-Whitney assumptions satisfied,0.6660482254966377
Oribacterium,0.00010923636245603434,0.35394509482739256,4958.0,True,True,Mann-Whitney assumptions satisfied,0.7370889207360753
Oscillibacter,4.105880009345503e-05,0.7344739337179442,5616.0,True,True,Mann-Whitney assumptions satisfied,0.8832668535314948
Otariodibacter,-8.066532967839109e-05,0.2374639293360854,4826.0,True,True,Mann-Whitney assumptions satisfied,0.6509787028351307
Oxalobacter,3.902715858951068e-05,0.14301859974319742,6200.0,True,True,Mann-Whitney assumptions satisfied,0.6509787028351307
Paenibacillus,-9.003161353566587e-06,0.4442222641696485,5042.0,True,True,Mann-Whitney assumptions satisfied,0.7677319565540665
Pandoraea,7.204624754165187e-05,0.19932082313325028,6106.0,True,True,Mann-Whitney assumptions satisfied,0.6509787028351307
Parabacteroides,-1.2699339041355884e-05,0.5762459563911639,5149.0,True,True,Mann-Whitney assumptions satisfied,0.7898543712603023
Parapusillimonas,-7.33926701604789e-05,0.21528466917693967,6083.0,True,True,Mann-Whitney assumptions satisfied,0.6509787028351307
Parasutterella,2.5282660463635354e-05,0.0403157722664554,6504.0,True,False,Consider permutation test instead of Mann-Whitney,0.6509787028351307
Parvimonas,4.331837812853487e-06,0.7344739337179442,5616.0,True,True,Mann-Whitney assumptions satisfied,0.8832668535314948
Pasteurella,8.048665082019272e-05,0.41606798699836933,5862.0,True,True,Mann-Whitney assumptions satisfied,0.7677319565540665
Peptococcus,0.00011773775026351101,0.6122648141207956,5703.0,True,True,Mann-Whitney assumptions satisfied,0.825000893603445
Peptoniphilus,-1.5105854426362343e-05,0.6715838022528133,5660.0,True,True,Mann-Whitney assumptions satisfied,0.8650073156309008
Peptostreptococcus,0.0013775525881112183,0.23593688809189572,6055.0,True,True,Mann-Whitney assumptions satisfied,0.6509787028351307
Plantibacter,-1.413183088168899e-05,0.22840589225427121,4814.0,True,True,Mann-Whitney assumptions satisfied,0.6509787028351307
Polaromonas,6.653805324323739e-06,0.4396458415288397,5841.0,True,True,Mann-Whitney assumptions satisfied,0.7677319565540665
Polynucleobacter,0.00020382950170344017,0.24755995467631053,6040.0,True,True,Mann-Whitney assumptions satisfied,0.6660482254966377
Porphyromonas,-0.003759776631431542,0.5210391019255974,5106.0,True,True,Mann-Whitney assumptions satisfied,0.7829532307504214
Prauserella,-1.1889975115242696e-05,0.06799784589274391,4492.0,True,True,Mann-Whitney assumptions satisfied,0.6509787028351307
Prevotella,-0.01854080647682685,0.11626724709863859,4624.0,True,True,Mann-Whitney assumptions satisfied,0.6509787028351307
Prevotellaceae UCG-001,-1.2929456796557297e-05,0.10590251305225691,4600.0,True,True,Mann-Whitney assumptions satisfied,0.6509787028351307
Prevotellaceae UCG-003,-1.1876121359517643e-05,0.5605649944318971,5137.0,True,True,Mann-Whitney assumptions satisfied,0.7887595939351473
Prevotellaceae UCG-004,-5.074013108292269e-07,0.534898565898187,5762.0,True,True,Mann-Whitney assumptions satisfied,0.7829532307504214
Pseudomonas,0.00011422255697922758,0.20546134620551237,6097.0,True,True,Mann-Whitney assumptions satisfied,0.6509787028351307
Pseudonocardia,6.1650360389532745e-06,0.7681042113891734,5286.0,True,True,Mann-Whitney assumptions satisfied,0.8980041883152836
Ralstonia,0.0008391254968559778,0.29892587369188306,5979.0,True,True,Mann-Whitney assumptions satisfied,0.6989590281913147
Rodentibacter,8.396126272979947e-05,0.3996932592122633,5877.0,True,True,Mann-Whitney assumptions satisfied,0.7677319565540665
Romboutsia,-3.791521118161269e-06,0.8306134771712173,5551.0,True,True,Mann-Whitney assumptions satisfied,0.9467546529572103
Roseburia,-1.3942069978420976e-05,0.9707911448200939,5420.0,True,True,Mann-Whitney assumptions satisfied,0.9953870706115624
Rothia,0.0072538462435385136,0.6758053904416336,5222.0,True,True,Mann-Whitney assumptions satisfied,0.8650073156309008
Ruminobacter,-3.0270020993892083e-06,0.640948629362329,5682.0,True,True,Mann-Whitney assumptions satisfied,0.8492569339050858
Selenomonas,-0.001516440946673591,0.5061333831911164,5094.0,True,True,Mann-Whitney assumptions satisfied,0.7829532307504214
Sideroxydans,-2.3733148712194426e-05,0.04978000879292102,6458.0,True,False,Consider permutation test instead of Mann-Whitney,0.6509787028351307
Snodgrassella,6.75298130362285e-05,0.15495527602921932,6178.0,True,True,Mann-Whitney assumptions satisfied,0.6509787028351307
Staphylococcus,0.00021117498406342098,0.6956393538718846,5236.0,True,True,Mann-Whitney assumptions satisfied,0.8778306132192829
Stenoxybacter,2.6460020776246243e-05,0.17919720477207945,6137.0,True,True,Mann-Whitney assumptions satisfied,0.6509787028351307
Stomatobaculum,-0.0011882692925304066,0.1767147859859397,4738.0,True,True,Mann-Whitney assumptions satisfied,0.6509787028351307
Streptococcus,0.01106737666341922,0.8683648616365435,5353.0,True,True,Mann-Whitney assumptions satisfied,0.9604944660873068
Streptomyces,-4.123663388492328e-05,0.11360418067982903,4618.0,True,True,Mann-Whitney assumptions satisfied,0.6509787028351307
Sulfuricella,2.9948615184450804e-05,0.12502477090991773,6236.0,True,True,Mann-Whitney assumptions satisfied,0.6509787028351307
Sulfuritalea,9.223138026406e-05,0.7359261066070861,5264.0,True,True,Mann-Whitney assumptions satisfied,0.8832668535314948
Sutterella,3.951630361955592e-05,0.07655062514465849,6359.0,True,True,Mann-Whitney assumptions satisfied,0.6509787028351307
TM7a,-0.00028322592382278803,0.7359261066070861,5615.0,True,True,Mann-Whitney assumptions satisfied,0.8832668535314948
TM7x,-0.00010539322046462492,0.9400879954780753,5400.0,True,True,Mann-Whitney assumptions satisfied,0.9927934954410874
Tannerella,7.665588969300212e-06,0.19999640617055026,6105.0,True,True,Mann-Whitney assumptions satisfied,0.6509787028351307
Tetrasphaera,6.923429830366485e-05,0.5311003505581924,5765.0,True,True,Mann-Whitney assumptions satisfied,0.7829532307504214
Treponema,-0.00038318144943182803,0.34011173592735744,4944.0,True,True,Mann-Whitney assumptions satisfied,0.7307806217898626
Tyzzerella,-2.9121597263241016e-05,0.2306469914630157,4817.0,True,True,Mann-Whitney assumptions satisfied,0.6509787028351307
UCG-004,-1.8955571367951628e-06,0.7977096533638685,5306.0,True,True,Mann-Whitney assumptions satisfied,0.9258090137580662
UCG-005,-8.280420297631146e-06,0.6631717468285756,5213.0,True,True,Mann-Whitney assumptions satisfied,0.8650073156309008
Veillonella,-0.007832432315459326,0.2711540863464319,4868.0,True,True,Mann-Whitney assumptions satisfied,0.6736484332669167
ZOR0006,3.1137818412749975e-05,0.19864690907794313,6107.0,True,True,Mann-Whitney assumptions satisfied,0.6509787028351307
hgcI clade,1.7949992399365796e-06,0.027477137864607683,4295.0,False,False,Consider permutation test instead of Mann-Whitney,0.6509787028351307
